<eml:eml xmlns:eml="eml://ecoinformatics.org/eml-2.1.1"
    xmlns:md="eml://ecoinformatics.org/methods-2.1.1"
    xmlns:proj="eml://ecoinformatics.org/project-2.1.1"
    xmlns:d="eml://ecoinformatics.org/dataset-2.1.1"
    xmlns:res="eml://ecoinformatics.org/resource-2.1.1"
    xmlns:dc="http://purl.org/dc/terms/"
    xmlns:xsi="http://www.w3.org/2001/XMLSchema-instance"
    xsi:schemaLocation="eml://ecoinformatics.org/eml-2.1.1 http://rs.gbif.org/schema/eml-gbif-profile/1.0.1/eml.xsd"
    packageId="WoRMS_export_2016-07-01" system="http://gbif.org" scope="system" xml:lang="en">
    <dataset>
      <title xml:lang="en">World Register of Marine Species</title>
	  <creator>
    	<organizationName>WoRMS Editorial Board</organizationName>
    	<electronicMailAddress>info@marinespecies.org</electronicMailAddress>
   	    <address>
   	     <city></city>
   	     <country></country>
   	    </address>
   	    <onlineUrl>http://www.marinespecies.org/copepoda</onlineUrl>
      </creator>
      <metadataProvider>
    	<individualName>
    	 <givenName>Bart</givenName>
    	 <surName>Vanhoorne</surName>
    	</individualName>
		<organizationName>WoRMS Data Management Team (DMT)</organizationName>
    	<electronicMailAddress>info@marinespecies.org</electronicMailAddress>
   	    <address>
   	     <city>Ostend</city>
   	     <postalCode>8400</postalCode>
   	     <country>BE</country>
   	    </address>
   	    <onlineUrl>http://www.marinespecies.org/copepoda</onlineUrl>
      </metadataProvider>
      <associatedParty>
    <individualName>
      <givenName>Ruth</givenName>
      <surName>Böttger-Schnack</surName>
    </individualName>
    <organizationName>Helmholtz Centre for Ocean Research Kiel</organizationName>
    <address>
      <country>Germany</country>
    </address>
    <electronicMailAddress>dschnack@geomar.de</electronicMailAddress>
    <role>pointOfContact</role>
      </associatedParty>
<associatedParty>
    <individualName>
      <givenName>Geoff</givenName>
      <surName>Boxshall</surName>
    </individualName>
    <organizationName>Natural History Museum; Department of Zoology</organizationName>
    <address>
      <country>UK</country>
    </address>
    <electronicMailAddress>g.boxshall@nhm.ac.uk</electronicMailAddress>
    <role>pointOfContact</role>
      </associatedParty>
<associatedParty>
    <individualName>
      <givenName>Santiago</givenName>
      <surName>Gaviria-Melo</surName>
    </individualName>
    <organizationName>University of Vienna; Faculty of Life Sciences; Vienna Ecology Center; Department of Limnology and Oceanography</organizationName>
    <address>
      <country>Austria</country>
    </address>
    <electronicMailAddress>santiago.gaviria@gmx.at</electronicMailAddress>
    <role>pointOfContact</role>
      </associatedParty>
<associatedParty>
    <individualName>
      <givenName>Hendrik</givenName>
      <surName>Gheerardyn</surName>
    </individualName>
    <organizationName></organizationName>
    <address>
      <country></country>
    </address>
    <electronicMailAddress></electronicMailAddress>
    <role>pointOfContact</role>
      </associatedParty>
<associatedParty>
    <individualName>
      <givenName>Ju-shey</givenName>
      <surName>Ho</surName>
    </individualName>
    <organizationName>California State University; Long Beach; Department of Biological Sciences</organizationName>
    <address>
      <country>USA</country>
    </address>
    <electronicMailAddress>jsho@csulb.edu</electronicMailAddress>
    <role>pointOfContact</role>
      </associatedParty>
<associatedParty>
    <individualName>
      <givenName>Slava</givenName>
      <surName>Ivanenko</surName>
    </individualName>
    <organizationName>Lomonosov Moscow State University</organizationName>
    <address>
      <country>Russia</country>
    </address>
    <electronicMailAddress>Ivanenko.slava@gmail.com</electronicMailAddress>
    <role>pointOfContact</role>
      </associatedParty>
<associatedParty>
    <individualName>
      <givenName>Tomislav</givenName>
      <surName>Karanovic</surName>
    </individualName>
    <organizationName>University of Tasmania; School of Zoology</organizationName>
    <address>
      <country>Australia</country>
    </address>
    <electronicMailAddress>Tomislav.Karanovic@utas.edu.au</electronicMailAddress>
    <role>pointOfContact</role>
      </associatedParty>
<associatedParty>
    <individualName>
      <givenName>Juliana</givenName>
      <surName>Kouwenberg</surName>
    </individualName>
    <organizationName></organizationName>
    <address>
      <country></country>
    </address>
    <electronicMailAddress></electronicMailAddress>
    <role>pointOfContact</role>
      </associatedParty>
<associatedParty>
    <individualName>
      <givenName>Eduardo</givenName>
      <surName>Suárez Morales</surName>
    </individualName>
    <organizationName>World Association of Copepodologists</organizationName>
    <address>
      <country>Mexico</country>
    </address>
    <electronicMailAddress>esuarez@ecosur-qroo.mx</electronicMailAddress>
    <role>pointOfContact</role>
      </associatedParty>
<associatedParty>
    <individualName>
      <givenName>Danny</givenName>
      <surName>Tang</surName>
    </individualName>
    <organizationName>Orange County Sanitation District; Environmental Laboratory &amp; Ocean Monitoring Division</organizationName>
    <address>
      <country>USA</country>
    </address>
    <electronicMailAddress>copepods@gmail.com</electronicMailAddress>
    <role>pointOfContact</role>
      </associatedParty>
<associatedParty>
    <individualName>
      <givenName>T. Chad</givenName>
      <surName>Walter</surName>
    </individualName>
    <organizationName>Smithsonian Institution; National Museum of Natural History; Department of Invertebrate Zoology</organizationName>
    <address>
      <country>USA</country>
    </address>
    <electronicMailAddress>walterc@si.edu</electronicMailAddress>
    <role>pointOfContact</role>
      </associatedParty>
<associatedParty>
    <individualName>
      <givenName>T. Chad</givenName>
      <surName>Walter</surName>
    </individualName>
    <organizationName>Smithsonian Institution; National Museum of Natural History; Department of Invertebrate Zoology</organizationName>
    <address>
      <country>USA</country>
    </address>
    <electronicMailAddress>walterc@si.edu</electronicMailAddress>
    <role>custodianSteward</role>
      </associatedParty>
<associatedParty>
    <individualName>
      <givenName>T. Chad</givenName>
      <surName>Walter</surName>
    </individualName>
    <organizationName>Smithsonian Institution; National Museum of Natural History; Department of Invertebrate Zoology</organizationName>
    <address>
      <country>USA</country>
    </address>
    <electronicMailAddress>walterc@si.edu</electronicMailAddress>
    <role>pointOfContact</role>
      </associatedParty>
<associatedParty>
    <individualName>
      <givenName></givenName>
      <surName></surName>
    </individualName>
    <organizationName>Vlaams Instituut voor de Zee</organizationName>
    <address>
      <country>Belgium</country>
    </address>
    <electronicMailAddress>info@vliz.be</electronicMailAddress>
    <role>programmer</role>
      </associatedParty>

	  <pubDate>
      	2016-07-01
      </pubDate>
      <language>eng</language>
      <abstract>
        <para>With WoRMS we aim to provide the most authoritative list of names of all marine species globally, ever published</para>
      </abstract>
      <keywordSet>
	   <keyword>taxonomic</keyword>
	   <keyword>database</keyword>
	   <keyword>online</keyword>
	   <keyword>marine</keyword>
	   <keyword>species</keyword>
	   <keywordThesaurus />
  	  </keywordSet>
  	  <keywordSet>
  	   <keyword>checklist</keyword>
  	   <keywordThesaurus>GBIF Dataset Type Vocabulary: http://rs.gbif.org/vocabulary/gbif/dataset_type.xml</keywordThesaurus>
  	  </keywordSet>
  	  <keywordSet>
  	   <keyword>taxonomicAuthority</keyword>
  	   <keyword>globalSpeciesDataset</keyword>
	   <keyword>inventoryThematic</keyword>
  	   <keywordThesaurus>GBIF Dataset Subtype Vocabulary: http://rs.gbif.org/vocabulary/gbif/dataset_subtype.xml</keywordThesaurus>
  	  </keywordSet>
      <intellectualRights>
        <para>CC-by</para>
      </intellectualRights>
      <distribution scope="document">
        <online>
          <url function="information"></url>
        </online>
      </distribution>
      <coverage>
        <taxonomicCoverage>
         <generalTaxonomicCoverage>Biota</generalTaxonomicCoverage>
         <taxonomicClassification>
          <taxonRankName>superdomain</taxonRankName>
          <taxonRankValue>Biota</taxonRankValue>
         </taxonomicClassification>
        </taxonomicCoverage>
		<geographicCoverage>
          <geographicDescription>World Oceans</geographicDescription>
          <boundingCoordinates>
            <westBoundingCoordinate>-180</westBoundingCoordinate>
            <eastBoundingCoordinate>180</eastBoundingCoordinate>
            <northBoundingCoordinate>90</northBoundingCoordinate>
            <southBoundingCoordinate>-90</southBoundingCoordinate>
          </boundingCoordinates>
        </geographicCoverage>
        <temporalCoverage>
        	<beginDate><calendarDate>1758</calendarDate></beginDate>
        	<endDate><calendarDate>2016-07-01</calendarDate></endDate>
        </temporalCoverage>
      </coverage>
      <contact>
    	<organizationName>World Register of Marine Species (WoRMS)</organizationName>
    	<electronicMailAddress>info@marinespecies.org</electronicMailAddress>
      </contact>
    </dataset>
    <additionalMetadata>
     <metadata>
      <gbif>
        <dateStamp>2016-07-01T07:23:21+02:00</dateStamp>
        <hierarchyLevel>dataset</hierarchyLevel>
        <citation>Walter, T.C. &amp; Boxshall, G. (2016). World of Copepods database. Accessed at http://www.marinespecies.org/copepoda on 2016-07-01</citation>
		<resourceLogoUrl>http://www.marinespecies.org/images/banner1.jpg</resourceLogoUrl>
      </gbif>
     </metadata>
    </additionalMetadata>
</eml:eml>