<eml:eml xmlns:eml="eml://ecoinformatics.org/eml-2.1.1"
    xmlns:md="eml://ecoinformatics.org/methods-2.1.1"
    xmlns:proj="eml://ecoinformatics.org/project-2.1.1"
    xmlns:d="eml://ecoinformatics.org/dataset-2.1.1"
    xmlns:res="eml://ecoinformatics.org/resource-2.1.1"
    xmlns:dc="http://purl.org/dc/terms/"
    xmlns:xsi="http://www.w3.org/2001/XMLSchema-instance"
    xsi:schemaLocation="eml://ecoinformatics.org/eml-2.1.1 http://rs.gbif.org/schema/eml-gbif-profile/1.0.1/eml.xsd"
    packageId="WoRMS_export_2016-07-01" system="http://gbif.org" scope="system" xml:lang="en">
    <dataset>
      <title xml:lang="en">World Register of Marine Species</title>
	  <creator>
    	<organizationName>WoRMS Editorial Board</organizationName>
    	<electronicMailAddress>info@marinespecies.org</electronicMailAddress>
   	    <address>
   	     <city></city>
   	     <country></country>
   	    </address>
   	    <onlineUrl>http://www.marinespecies.org/isopoda</onlineUrl>
      </creator>
      <metadataProvider>
    	<individualName>
    	 <givenName>Bart</givenName>
    	 <surName>Vanhoorne</surName>
    	</individualName>
		<organizationName>WoRMS Data Management Team (DMT)</organizationName>
    	<electronicMailAddress>info@marinespecies.org</electronicMailAddress>
   	    <address>
   	     <city>Ostend</city>
   	     <postalCode>8400</postalCode>
   	     <country>BE</country>
   	    </address>
   	    <onlineUrl>http://www.marinespecies.org/isopoda</onlineUrl>
      </metadataProvider>
      <associatedParty>
    <individualName>
      <givenName>Christopher</givenName>
      <surName>Boyko</surName>
    </individualName>
    <organizationName>American Museum of Natural History; Division of Invertebrate Zoology</organizationName>
    <address>
      <country>USA</country>
    </address>
    <electronicMailAddress>cboyko@amnh.org</electronicMailAddress>
    <role>pointOfContact</role>
      </associatedParty>
<associatedParty>
    <individualName>
      <givenName>Christopher</givenName>
      <surName>Boyko</surName>
    </individualName>
    <organizationName>American Museum of Natural History; Division of Invertebrate Zoology</organizationName>
    <address>
      <country>USA</country>
    </address>
    <electronicMailAddress>cboyko@amnh.org</electronicMailAddress>
    <role>pointOfContact</role>
      </associatedParty>
<associatedParty>
    <individualName>
      <givenName>Niel</givenName>
      <surName>Bruce</surName>
    </individualName>
    <organizationName>Queensland Museum; Museum of Tropical Queensland</organizationName>
    <address>
      <country>Australia</country>
    </address>
    <electronicMailAddress>niel.bruce@qm.qld.gov.au</electronicMailAddress>
    <role>pointOfContact</role>
      </associatedParty>
<associatedParty>
    <individualName>
      <givenName>Kelly</givenName>
      <surName>Merrin</surName>
    </individualName>
    <organizationName>Museum Victoria, Melbourne</organizationName>
    <address>
      <country>Australia</country>
    </address>
    <electronicMailAddress>kellymerrin@hotmail.com</electronicMailAddress>
    <role>pointOfContact</role>
      </associatedParty>
<associatedParty>
    <individualName>
      <givenName>Yuzo</givenName>
      <surName>Ota</surName>
    </individualName>
    <organizationName>University of Ryukyus; Graduate School of Engineering and Science</organizationName>
    <address>
      <country>Japan</country>
    </address>
    <electronicMailAddress>ootayu@pref.tottori.jp</electronicMailAddress>
    <role>pointOfContact</role>
      </associatedParty>
<associatedParty>
    <individualName>
      <givenName>Gary</givenName>
      <surName>Poore</surName>
    </individualName>
    <organizationName>Museum Victoria, Melbourne</organizationName>
    <address>
      <country>Australia</country>
    </address>
    <electronicMailAddress>gpoore@museum.vic.gov.au</electronicMailAddress>
    <role>pointOfContact</role>
      </associatedParty>
<associatedParty>
    <individualName>
      <givenName>Stefano</givenName>
      <surName>Taiti</surName>
    </individualName>
    <organizationName>Italian National Research Council; Istituto per lo Studio degli Ecosistemi - Sede di Firenze</organizationName>
    <address>
      <country>Italy</country>
    </address>
    <electronicMailAddress>stefano.taiti@ise.cnr.it</electronicMailAddress>
    <role>pointOfContact</role>
      </associatedParty>
<associatedParty>
    <individualName>
      <givenName></givenName>
      <surName></surName>
    </individualName>
    <organizationName>Vlaams Instituut voor de Zee</organizationName>
    <address>
      <country>Belgium</country>
    </address>
    <electronicMailAddress>info@vliz.be</electronicMailAddress>
    <role>programmer</role>
      </associatedParty>

	  <pubDate>
      	2016-07-01
      </pubDate>
      <language>eng</language>
      <abstract>
        <para>With WoRMS we aim to provide the most authoritative list of names of all marine species globally, ever published</para>
      </abstract>
      <keywordSet>
	   <keyword>taxonomic</keyword>
	   <keyword>database</keyword>
	   <keyword>online</keyword>
	   <keyword>marine</keyword>
	   <keyword>species</keyword>
	   <keywordThesaurus />
  	  </keywordSet>
  	  <keywordSet>
  	   <keyword>checklist</keyword>
  	   <keywordThesaurus>GBIF Dataset Type Vocabulary: http://rs.gbif.org/vocabulary/gbif/dataset_type.xml</keywordThesaurus>
  	  </keywordSet>
  	  <keywordSet>
  	   <keyword>taxonomicAuthority</keyword>
  	   <keyword>globalSpeciesDataset</keyword>
	   <keyword>inventoryThematic</keyword>
  	   <keywordThesaurus>GBIF Dataset Subtype Vocabulary: http://rs.gbif.org/vocabulary/gbif/dataset_subtype.xml</keywordThesaurus>
  	  </keywordSet>
      <intellectualRights>
        <para>CC-by</para>
      </intellectualRights>
      <distribution scope="document">
        <online>
          <url function="information"></url>
        </online>
      </distribution>
      <coverage>
        <taxonomicCoverage>
         <generalTaxonomicCoverage>Biota</generalTaxonomicCoverage>
         <taxonomicClassification>
          <taxonRankName>superdomain</taxonRankName>
          <taxonRankValue>Biota</taxonRankValue>
         </taxonomicClassification>
        </taxonomicCoverage>
		<geographicCoverage>
          <geographicDescription>World Oceans</geographicDescription>
          <boundingCoordinates>
            <westBoundingCoordinate>-180</westBoundingCoordinate>
            <eastBoundingCoordinate>180</eastBoundingCoordinate>
            <northBoundingCoordinate>90</northBoundingCoordinate>
            <southBoundingCoordinate>-90</southBoundingCoordinate>
          </boundingCoordinates>
        </geographicCoverage>
        <temporalCoverage>
        	<beginDate><calendarDate>1758</calendarDate></beginDate>
        	<endDate><calendarDate>2016-07-01</calendarDate></endDate>
        </temporalCoverage>
      </coverage>
      <contact>
    	<organizationName>World Register of Marine Species (WoRMS)</organizationName>
    	<electronicMailAddress>info@marinespecies.org</electronicMailAddress>
      </contact>
    </dataset>
    <additionalMetadata>
     <metadata>
      <gbif>
        <dateStamp>2016-07-01T07:26:49+02:00</dateStamp>
        <hierarchyLevel>dataset</hierarchyLevel>
        <citation>Boyko, C.B; Bruce, N.L.; Merrin, K. L.; Ota, Y.; Poore, G.C.B.; Taiti, S.; Schotte, M. &amp; Wilson, G.D.F. (Eds) (2008 onwards). World Marine, Freshwater and Terrestrial Isopod Crustaceans database. Accessed at http://www.marinespecies.org/isopoda on 2016-07-01</citation>
		<resourceLogoUrl>http://www.marinespecies.org/images/banner1.jpg</resourceLogoUrl>
      </gbif>
     </metadata>
    </additionalMetadata>
</eml:eml>