<?xml version="1.0"?>
   <archive xmlns="http://rs.tdwg.org/dwc/text/" metadata="eml.xml"><core encoding="UTF-8" linesTerminatedBy="\r\n" fieldsTerminatedBy="\t" fieldsEnclosedBy="" ignoreHeaderLines="1" rowType="http://rs.tdwg.org/dwc/terms/Taxon">
		<files>
			<location>taxon.txt</location>
		</files>
		<id index="0" /><field index="0" term="http://rs.tdwg.org/dwc/terms/taxonID"/>
<field index="1" term="http://rs.tdwg.org/dwc/terms/scientificNameID"/>
<field index="2" term="http://rs.tdwg.org/dwc/terms/acceptedNameUsageID"/>
<field index="3" term="http://rs.tdwg.org/dwc/terms/parentNameUsageID"/>
<field index="4" term="http://rs.tdwg.org/dwc/terms/namePublishedInID"/>
<field index="5" term="http://rs.tdwg.org/dwc/terms/scientificName"/>
<field index="6" term="http://rs.tdwg.org/dwc/terms/acceptedNameUsage"/>
<field index="7" term="http://rs.tdwg.org/dwc/terms/parentNameUsage"/>
<field index="8" term="http://rs.tdwg.org/dwc/terms/namePublishedIn"/>
<field index="9" term="http://rs.tdwg.org/dwc/terms/namePublishedInYear"/>
<field index="10" term="http://rs.tdwg.org/dwc/terms/kingdom"/>
<field index="11" term="http://rs.tdwg.org/dwc/terms/phylum"/>
<field index="12" term="http://rs.tdwg.org/dwc/terms/class"/>
<field index="13" term="http://rs.tdwg.org/dwc/terms/order"/>
<field index="14" term="http://rs.tdwg.org/dwc/terms/family"/>
<field index="15" term="http://rs.tdwg.org/dwc/terms/genus"/>
<field index="16" term="http://rs.tdwg.org/dwc/terms/subgenus"/>
<field index="17" term="http://rs.tdwg.org/dwc/terms/specificEpithet"/>
<field index="18" term="http://rs.tdwg.org/dwc/terms/infraspecificEpithet"/>
<field index="19" term="http://rs.tdwg.org/dwc/terms/taxonRank"/>
<field index="20" term="http://rs.tdwg.org/dwc/terms/scientificNameAuthorship"/>
<field index="21" term="http://rs.tdwg.org/dwc/terms/nomenclaturalCode"/>
<field index="22" term="http://rs.tdwg.org/dwc/terms/taxonomicStatus"/>
<field index="23" term="http://purl.org/dc/terms/modified"/>
<field index="24" term="http://purl.org/dc/terms/bibliographicCitation"/>
<field index="25" term="http://purl.org/dc/terms/references"/>
<field index="26" default="http://creativecommons.org/licenses/by/4.0/" term="http://purl.org/dc/terms/rights"/>
<field index="27" default="WoRMS Editorial Board" term="http://purl.org/dc/terms/rightsHolder"/>
<field index="28" default="WoRMS Porifera" term="http://rs.tdwg.org/dwc/terms/datasetName"/>

	</core><extension encoding="UTF-8" linesTerminatedBy="\r\n" fieldsTerminatedBy="\t" fieldsEnclosedBy="" ignoreHeaderLines="1" rowType="http://rs.gbif.org/terms/1.0/SpeciesProfile">
		<files>
			<location>speciesprofile.txt</location>
		</files>
		<coreid index="0" /><field index="1" term="http://rs.gbif.org/terms/1.0/isMarine"/>
<field index="2" term="http://rs.gbif.org/terms/1.0/isFreshwater"/>
<field index="3" term="http://rs.gbif.org/terms/1.0/isTerrestrial"/>
<field index="4" term="http://rs.gbif.org/terms/1.0/isExtinct"/>

	</extension><extension encoding="UTF-8" linesTerminatedBy="\r\n" fieldsTerminatedBy="\t" fieldsEnclosedBy="" ignoreHeaderLines="1" rowType="http://rs.gbif.org/terms/1.0/VernacularName">
		<files>
			<location>vernacularname.txt</location>
		</files>
		<coreid index="0" /><field index="1" term="http://rs.tdwg.org/dwc/terms/vernacularName"/>
<field index="2" term="http://purl.org/dc/terms/source"/>
<field index="3" vocabulary="http://purl.org/dc/terms/ISO639-3" term="http://purl.org/dc/terms/language"/>
<field index="4" term="http://rs.gbif.org/terms/1.0/isPreferredName"/>

	</extension><extension encoding="UTF-8" linesTerminatedBy="\r\n" fieldsTerminatedBy="\t" fieldsEnclosedBy="" ignoreHeaderLines="1" rowType="http://rs.gbif.org/terms/1.0/Reference">
		<files>
			<location>reference.txt</location>
		</files>
		<coreid index="0" /><field index="1" term="http://purl.org/dc/terms/identifier"/>
<field index="2" term="http://purl.org/dc/terms/bibliographicCitation"/>
<field index="3" term="http://purl.org/dc/terms/title"/>
<field index="4" term="http://purl.org/dc/terms/creator"/>
<field index="5" term="http://purl.org/dc/terms/date"/>
<field index="6" term="http://purl.org/dc/terms/description"/>
<field index="7" term="http://purl.org/dc/terms/type"/>

	</extension><extension encoding="UTF-8" linesTerminatedBy="\r\n" fieldsTerminatedBy="\t" fieldsEnclosedBy="" ignoreHeaderLines="1" rowType="http://rs.gbif.org/terms/1.0/Distribution">
		<files>
			<location>distribution.txt</location>
		</files>
		<coreid index="0" /><field index="1" term="http://rs.tdwg.org/dwc/terms/locationID"/>
<field index="2" term="http://rs.tdwg.org/dwc/terms/locality"/>
<field index="3" vocabulary="http://rs.gbif.org/vocabulary/gbif/occurrence_status/" term="http://rs.tdwg.org/dwc/terms/occurrenceStatus"/>
<field index="4" term="http://rs.tdwg.org/dwc/terms/establishmentMeans"/>
<field index="5" term="http://rs.tdwg.org/dwc/terms/startDayOfYear"/>
<field index="6" term="http://rs.tdwg.org/dwc/terms/endDayOfYear"/>
<field index="7" term="http://purl.org/dc/terms/source"/>
<field index="8" term="http://rs.tdwg.org/dwc/terms/occurrenceRemarks"/>

	</extension></archive>